Workbook

Sheet EPI
A1: f
B2: CONTROLE EPI | G2: ✔ | H2: JAQ. | J2: CALÇ. | L2: BOTA | N2: LUVA | P2: BAL. | R2: CAP. | U2: ✔ | V2: JAQ. | X2: CALÇ. | Z2: BOTA | AB2: LUVA | AD2: BAL. | AF2: CAP. | AI2: EPI PRETO
B3: EFETIVO | C3: MILITAR | D3: FUNÇÃO | E3: SARAM | H3: =COUNTIF(H4:H107,"<>")-COUNTIF(H4:H107,"---") -> 45 | J3: =COUNTIF(J4:J107,"<>")-COUNTIF(J4:J107,"---") -> 45 | L3: =COUNTIF(L4:L107,"<>")-COUNTIF(L4:L107,"---") -> 34 | N3: =COUNTIF(N4:N107,"<>")-COUNTIF(N4:N107,"---") -> 31 | P3: =COUNTIF(P4:P107,"<>")-COUNTIF(P4:P107,"---") -> 34 | R3: =COUNTIF(R4:R107,"<>")-COUNTIF(R4:R107,"---") -> 35 | V3: =COUNTIF(V4:V107,"<>")-COUNTIF(V4:V107,"---") -> 25 | X3: =COUNTIF(X4:X107,"<>")-COUNTIF(X4:X107,"---") -> 26 | Z3: =COUNTIF(Z4:Z107,"<>")-COUNTIF(Z4:Z107,"---") -> 36 | AB3: =COUNTIF(AB4:AB107,"<>")-COUNTIF(AB4:AB107,"---") -> 37 | AD3: =COUNTIF(AD4:AD107,"<>")-COUNTIF(AD4:AD107,"---") -> 34 | AF3: =COUNTIF(AF4:AF107,"<>")-COUNTIF(AF4:AF107,"---") -> 32 | AI3: JAQ. | AK3: CALÇ. | AM3: BOTA | AO3: LUVA | AQ3: BAL | AS3: CAP
B4: INT. | C4: 2S RAFAEL | D4: CHEFE DE EQUIPE | E4: 433974-6 | G4: TRUE | H4: G | I4: 001 | J4: G | K4: 001 | L4: 41 | M4: 001 | N4: UN | O4: 001 | P4: UN | Q4: 001 | R4: UN | S4: 001 | U4: FALSE | V4: --- | X4: --- | Z4: --- | AB4: --- | AD4: --- | AF4: --- | AI4: GMM | AK4: GMM | AM4: GMM | AO4: GMM | AQ4: GMM | AS4: GMM
B5: INT. | C5: 2S KALLEB | D5: CHEFE DE EQUIPE | E5: 655476-8 | G5: TRUE | H5: P | I5: 002 | J5: P | K5: 002 | L5: 40 | M5: 002 | N5: UN | O5: 002 | P5: UN | Q5: 002 | R5: UN | S5: 002 | U5: FALSE | V5: --- | X5: --- | Z5: --- | AB5: --- | AD5: --- | AF5: --- | AI5: ESTOUE | AK5: ESTOUE | AM5: ESTOUE | AO5: ESTOUE | AQ5: ESTOUE | AS5: ESTOUE
B6: INT. | C6: 2S MATHEUS | D6: CHEFE DE EQUIPE | E6: 655458-0 | G6: TRUE | H6: M | I6: 003 | J6: M | K6: 003 | L6: 42 | M6: 003 | N6: UN | O6: 003 | P6: UN | Q6: 003 | R6: UN | S6: 003 | U6: FALSE | V6: --- | X6: --- | Z6: --- | AB6: --- | AD6: --- | AF6: --- | AI6: EM USO | AJ6: =H3 -> 45 | AK6: EM USO | AL6: =J3 -> 45 | AM6: EM USO | AN6: =L3 -> 34 | AO6: EM USO | AP6: =N3 -> 31 | AQ6: EM USO | AR6: =P3 -> 34 | AS6: EM USO | AT6: =R3 -> 35
B7: INT. | C7: 2S LUIZA | D7: CHEFE DE EQUIPE | E7: 660343-2 | G7: FALSE | H7: --- | J7: --- | L7: --- | N7: --- | P7: --- | R7: --- | U7: TRUE | V7: EG | W7: 141 | X7: XL | Y7: 141 | Z7: 44 | AA7: 141 | AB7: UN | AC7: 141 | AD7: UN | AE7: 141 | AF7: UN | AG7: 141 | AI7: P | AJ7: =COUNTIF(H4:H108,"P") -> 8 | AK7: P | AL7: =COUNTIF(J4:J108,"P") -> 6 | AM7: 39 | AN7: =COUNTIF(L4:L108,"39") -> 4
B8: INT. | C8: 2S SAMUEL | D8: CHEFE DE EQUIPE | E8: 610993-4 | G8: TRUE | H8: M | I8: 004 | J8: M | K8: 004 | L8: 41 | M8: 004 | N8: UN | O8: 004 | P8: UN | Q8: 004 | R8: UN | S8: 004 | U8: FALSE | V8: --- | X8: --- | Z8: --- | AB8: --- | AD8: --- | AF8: --- | AI8: M | AJ8: =COUNTIF(H4:H108,"M") -> 25 | AK8: M | AL8: =COUNTIF(J4:J108,"M") -> 28 | AM8: 40 | AN8: =COUNTIF(L4:L108,"40") -> 2
B9: INT. | C9: 2S DANIEL | D9: CHEFE DE EQUIPE | E9: 655618-3 | G9: TRUE | H9: XL | I9: 005 | J9: XL | K9: 005 | L9: 46 | M9: 005 | N9: --- | P9: UN | Q9: 005 | R9: UN | S9: 005 | U9: TRUE | V9: --- | X9: --- | Z9: --- | AB9: UN | AC9: 105 | AD9: --- | AF9: --- | AI9: G | AJ9: =COUNTIF(H4:H108,"G") -> 9 | AK9: G | AL9: =COUNTIF(J4:J108,"G") -> 9 | AM9: 41 | AN9: =COUNTIF(L4:L108,"41") -> 5
B10: INT. | C10: 2S EVANDER | D10: CHEFE DE EQUIPE | E10: 605795-0 | G10: TRUE | H10: P | I10: 006 | J10: M | K10: 006 | L10: 39 | M10: 006 | N10: UN | O10: 006 | P10: UN | Q10: 006 | R10: UN | S10: 006 | U10: FALSE | V10: --- | X10: --- | Z10: --- | AB10: --- | AD10: --- | AF10: --- | AI10: GG | AJ10: =COUNTIF(H4:H108,"GG") -> 1 | AK10: GG | AL10: =COUNTIF(J4:J108,"GG") -> 0 | AM10: 42 | AN10: =COUNTIF(L4:L108,"42") -> 9
B11: INT. | C11: 2S EMILLY REIS | D11: CHEFE DE EQUIPE | E11: 671498-6 | G11: TRUE | H11: M | I11: 007 | J11: M | K11: 007 | L11: 39 | M11: 007 | N11: UN | O11: 007 | P11: UN | Q11: 007 | R11: UN | S11: 007 | U11: FALSE | V11: --- | X11: --- | Z11: --- | AB11: --- | AD11: --- | AF11: --- | AI11: EG | AJ11: =COUNTIF(H4:H108,"EG") -> 0 | AK11: EG | AL11: =COUNTIF(J4:J108,"EG") -> 0 | AM11: 43 | AN11: =COUNTIF(L4:L108,"43") -> 3
B12: INT. | C12: 2S BARTELT | D12: CHEFE DE EQUIPE | E12: 448998-5 | G12: TRUE | H12: XL | I12: 008 | J12: XL | K12: 008 | L12: 46 | M12: 008 | N12: UN | O12: 008 | P12: UN | Q12: 008 | R12: UN | S12: 008 | U12: FALSE | V12: --- | X12: --- | Z12: --- | AB12: --- | AD12: --- | AF12: --- | AI12: XL | AJ12: =COUNTIF(H4:H108,"XL") -> 2 | AK12: XL | AL12: =COUNTIF(J4:J108,"XL") -> 2 | AM12: 44 | AN12: =COUNTIF(L4:L108,"44") -> 8
B13: INT. | C13: 3S G. FRANCO | D13: CHEFE DE EQUIPE | E13: 673201-1 | G13: TRUE | H13: P | I13: 009 | J13: M | K13: 009 | L13: 39 | M13: 009 | N13: UN | O13: 009 | P13: UN | Q13: 009 | R13: UN | S13: 009 | U13: FALSE | V13: --- | X13: --- | Z13: --- | AB13: --- | AD13: --- | AF13: --- | AM13: 45 | AN13: =COUNTIF(L4:L108,"45") -> 1
B14: INT. | C14: 3S PRATES | D14: MOTORISTA | E14: 695938-5 | G14: FALSE | H14: --- | J14: --- | L14: --- | N14: --- | P14: --- | R14: --- | U14: FALSE | V14: --- | X14: --- | Z14: --- | AB14: --- | AD14: --- | AF14: --- | AM14: 46 | AN14: =COUNTIF(L4:L108,"46") -> 2
B15: INT. | C15: 3S FRANÇA | D15: CHEFE DE EQUIPE | E15: 7246242 | G15: TRUE | H15: M | I15: 011 | J15: M | K15: 011 | L15: 41 | M15: 011 | N15: UN | O15: 011 | P15: UN | Q15: 011 | R15: UN | S15: 011 | U15: FALSE | V15: --- | X15: --- | Z15: --- | AB15: --- | AD15: --- | AF15: ---
B16: INT. | C16: 3S TEIXEIRA | D16: MOTORISTA | E16: 741548-6 | G16: FALSE | H16: --- | J16: --- | L16: --- | N16: --- | P16: --- | R16: --- | U16: FALSE | V16: --- | X16: --- | Z16: --- | AB16: --- | AD16: --- | AF16: --- | AI16: EPI AMARELO
B17: INT. | C17: 3S SOUZA | D17: MOTORISTA | E17: 741558-3 | G17: FALSE | H17: --- | J17: --- | L17: --- | N17: --- | P17: --- | R17: --- | U17: FALSE | V17: --- | X17: --- | Z17: --- | AB17: --- | AD17: --- | AF17: --- | AI17: JAQ. | AK17: CALÇ. | AM17: BOTA | AO17: LUVA | AQ17: BAL. | AS17: CAP.
B18: INT. | C18: 3S OLIVEIRA | D18: MOTORISTA | E18: 370582-0 | G18: TRUE | H18: P | I18: 014 | J18: P | K18: 014 | L18: 39 | M18: 014 | N18: UN | O18: 014 | P18: UN | Q18: 014 | R18: UN | S18: 014 | U18: FALSE | V18: --- | X18: --- | Z18: --- | AB18: --- | AD18: --- | AF18: --- | AI18: ESTOUE | AK18: ESTOUE | AM18: ESTOUE | AO18: ESTOUE | AQ18: ESTOUE | AS18: ESTOUE
B19: INT. | C19: 3S NICACIO | D19: CHEFE DE EQUIPE | E19: 738733-4 | G19: TRUE | H19: M | I19: 015 | J19: M | K19: 015 | L19: 42 | M19: 015 | N19: UN | O19: 015 | P19: UN | Q19: 015 | R19: UN | S19: 015 | U19: FALSE | V19: --- | X19: --- | Z19: --- | AB19: --- | AD19: --- | AF19: --- | AI19: EM USO | AJ19: =V3 -> 25 | AK19: EM USO | AL19: =X3 -> 26 | AM19: EM USO | AN19: =Z3 -> 36 | AO19: EM USO | AP19: =AB3 -> 37 | AQ19: EM USO | AR19: =AD3 -> 34 | AS19: EM USO | AT19: =AF3 -> 32
B20: INT. | C20: CB R. CUNHA | D20: MOTORISTA | E20: 415791-5 | G20: TRUE | H20: M | I20: 016 | J20: M | K20: 016 | L20: 44 | M20: 016 | N20: UN | O20: 016 | P20: UN | Q20: 016 | R20: UN | S20: 016 | U20: FALSE | V20: --- | X20: --- | Z20: --- | AB20: --- | AD20: --- | AF20: --- | AI20: P | AJ20: =COUNTIF($V4:V118,"P") -> 5 | AK20: P | AL20: =COUNTIF($X4:X108,"P") -> 4 | AM20: 39 | AN20: =COUNTIF(Z4:Z108,"39") -> 0
B21: INT. | C21: CB RUIZ | D21: MOTORISTA | E21: 759862-9 | G21: FALSE | H21: --- | J21: --- | L21: --- | N21: --- | P21: --- | R21: --- | U21: FALSE | V21: --- | X21: --- | Z21: --- | AB21: --- | AD21: --- | AF21: --- | AI21: G | AJ21: =COUNTIF($V4:V108,"G") -> 5 | AK21: G | AL21: =COUNTIF($X4:X108,"G") -> 4 | AM21: 41 | AN21: =COUNTIF(Z4:Z108,"41") -> 5
B22: INT. | C22: CB SANTOS | D22: MOTORISTA | E22: 420700-9 | G22: FALSE | H22: --- | J22: --- | L22: --- | N22: --- | P22: --- | R22: --- | U22: FALSE | V22: --- | X22: --- | Z22: --- | AB22: --- | AD22: --- | AF22: --- | AI22: GG | AJ22: =COUNTIF($V4:V108,"GG") -> 9 | AK22: GG | AL22: =COUNTIF($X4:X108,"GG") -> 12 | AM22: 42 | AN22: =COUNTIF(Z4:Z108,"42") -> 7
B23: INT. | C23: CB MANAILSON | D23: MOTORISTA | E23: 618905-9 | G23: FALSE | H23: --- | J23: --- | L23: --- | N23: --- | P23: --- | R23: --- | U23: FALSE | V23: --- | X23: --- | Z23: --- | AB23: --- | AD23: --- | AF23: --- | AI23: EG | AJ23: =COUNTIF($V4:$V108,"EG") -> 2 | AK23: EG | AL23: =COUNTIF($X4:X108,"EG") -> 1 | AM23: 43 | AN23: =COUNTIF(Z4:Z108,"43") -> 5
B24: INT. | C24: CB BELCHIOR | D24: RÁDIO OPERADOR | E24: 769388-5 | G24: FALSE | H24: --- | J24: --- | L24: --- | N24: --- | P24: --- | R24: --- | U24: FALSE | V24: --- | X24: --- | Z24: --- | AB24: --- | AD24: --- | AF24: --- | AI24: XL | AJ24: =COUNTIF($V4:V108,"XL") -> 0 | AK24: XL | AL24: =COUNTIF($X4:X108,"XL") -> 1 | AM24: 44 | AN24: =COUNTIF(Z4:Z108,"44") -> 12
B25: INT. | C25: CB GEISLER | D25: MOTORISTA | E25: 728113-7 | G25: FALSE | H25: --- | J25: --- | L25: --- | N25: --- | P25: --- | R25: --- | U25: FALSE | V25: --- | X25: --- | Z25: --- | AB25: --- | AD25: --- | AF25: --- | AM25: 45 | AN25: =COUNTIF(Z4:Z108,"45") -> 1
B26: INT. | C26: CB MARTINS | D26: RÁDIO OPERADOR | E26: 611019-3 | G26: FALSE | H26: --- | J26: --- | L26: --- | N26: --- | P26: --- | R26: --- | U26: TRUE | V26: M | W26: 144 | X26: M | Y26: 144 | Z26: 43 | AA26: 144 | AB26: UN | AC26: 144 | AD26: UN | AE26: 144 | AF26: UN | AG26: 144 | AM26: 46 | AN26: =COUNTIF(Z4:Z108,"46") -> 2
B27: INT. | C27: CB LEONARDO | D27: MOTORISTA | E27: 769304-4 | G27: FALSE | H27: --- | J27: --- | L27: --- | N27: --- | P27: --- | R27: --- | U27: TRUE | V27: GG | W27: 145 | X27: GG | Y27: 145 | Z27: 43 | AA27: 145 | AB27: UN | AC27: 145 | AD27: UN | AE27: 145 | AF27: UN | AG27: 145
B28: INT. | C28: CB DOS SANTOS | D28: COMBATENTE | E28: 769386-9 | G28: FALSE | H28: --- | J28: --- | L28: --- | N28: --- | P28: --- | R28: --- | U28: TRUE | V28: M | W28: 146 | X28: M | Y28: 146 | Z28: 41 | AA28: 146 | AB28: UN | AC28: 146 | AD28: UN | AE28: 146 | AF28: UN | AG28: 146
B29: INT. | C29: CB FINATTO | D29: MOTORISTA | E29: 437467-3 | G29: FALSE | H29: --- | J29: --- | L29: --- | N29: --- | P29: --- | R29: --- | U29: FALSE | V29: --- | X29: --- | Z29: --- | AB29: --- | AD29: --- | AF29: ---
B30: INT. | C30: CB WILLIAM | D30: COMBATENTE | E30: 769292-7 | G30: FALSE | H30: --- | J30: --- | L30: --- | N30: --- | P30: --- | R30: --- | U30: TRUE | V30: --- | W30: 147 | X30: G | Y30: 147 | Z30: 40 | AA30: 147 | AB30: UN | AC30: 147 | AD30: UN | AE30: 147 | AF30: UN | AG30: 147
B31: INT. | C31: CB HENZ | D31: COMBATENTE | E31: 769301-0 | G31: TRUE | H31: G | I31: 048 | J31: G | K31: 048 | L31: 42 | M31: 048 | N31: UN | O31: 048 | P31: UN | Q31: 048 | R31: UN | S31: 048 | U31: FALSE | V31: --- | X31: --- | Z31: --- | AB31: --- | AD31: --- | AF31: ---
B32: INT. | C32: CB MUNIZ | D32: COMBATENTE | E32: 769343-5 | G32: FALSE | H32: --- | J32: --- | L32: --- | N32: --- | P32: --- | R32: --- | U32: FALSE | V32: --- | X32: --- | Z32: --- | AB32: --- | AD32: --- | AF32: ---
B33: INT. | C33: CB IGOR SANTOS | D33: RESGATISTA | E33: 734354-0 | G33: FALSE | H33: --- | J33: --- | L33: --- | N33: --- | P33: --- | R33: --- | U33: TRUE | V33: P | W33: 150 | X33: P | Y33: 150 | Z33: 44 | AA33: 150 | AB33: UN | AC33: 150 | AD33: UN | AE33: 150 | AF33: UN | AG33: 150
B34: INT. | C34: CB NEEMIAS | D34: RÁDIO OPERADOR | E34: 769366-4 | G34: FALSE | H34: --- | J34: --- | L34: --- | N34: --- | P34: --- | R34: --- | U34: FALSE | V34: --- | X34: --- | Z34: --- | AB34: --- | AD34: --- | AF34: ---
B35: INT. | C35: S2 SALDÍVIA | D35: RESGATISTA | E35: 734416-3 | G35: TRUE | H35: M | I35: 017 | J35: M | K35: 017 | L35: 44 | M35: 017 | N35: UN | O35: 017 | P35: UN | Q35: 017 | R35: UN | S35: 017 | U35: FALSE | V35: --- | X35: --- | Z35: --- | AB35: --- | AD35: --- | AF35: ---
B36: INT. | C36: S2 ELIAS | D36: COMBATENTE | E36: 750895-6 | G36: TRUE | H36: M | I36: 019 | J36: M | K36: 019 | L36: 44 | M36: 019 | N36: UN | O36: 019 | P36: UN | Q36: 019 | R36: UN | S36: 019 | U36: FALSE | V36: --- | X36: --- | Z36: --- | AB36: --- | AD36: --- | AF36: ---
B37: INT. | C37: S2 PEDROSO | D37: COMBATENTE | E37: 754716-1 | G37: TRUE | H37: G | I37: 021 | J37: G | K37: 021 | L37: 43 | N37: UN | O37: 021 | P37: UN | Q37: 021 | R37: UN | S37: 021 | U37: FALSE | V37: --- | X37: --- | Z37: --- | AB37: --- | AD37: --- | AF37: ---
B38: INT. | C38: S2 CÉSAR FERREIRA | D38: COMBATENTE | E38: 763644-0 | G38: TRUE | H38: G | I38: 022 | J38: G | K38: 022 | L38: --- | N38: --- | P38: UN | Q38: 022 | R38: --- | S38: 022 | U38: TRUE | V38: --- | X38: --- | Z38: 46 | AA38: 122 | AB38: UN | AC38: 122 | AD38: --- | AF38: ---
B39: INT. | C39: S2 OTTO | D39: COMBATENTE | E39: 763606-7 | G39: TRUE | H39: M | I39: 052 | J39: M | K39: 052 | L39: --- | N39: --- | P39: --- | R39: --- | U39: TRUE | V39: --- | X39: --- | Z39: 44 | AA39: 152 | AB39: UN | AC39: 152 | AD39: UN | AE39: 152 | AF39: UN | AG39: 152
B40: INT. | C40: S2 CORDOVA | D40: COMBATENTE | E40: 763669-5 | G40: TRUE | H40: M | I40: 023 | J40: M | K40: 023 | L40: 43 | M40: 023 | N40: UN | O40: 023 | P40: UN | Q40: 023 | R40: UN | S40: 023 | U40: FALSE | V40: --- | X40: --- | Z40: --- | AB40: --- | AD40: --- | AF40: ---
B41: INT. | C41: S2 BUTTINGER | D41: RESGATISTA | E41: 763569-9 | G41: TRUE | H41: G | I41: 053 | J41: G | K41: 053 | L41: 45 | M41: 053 | N41: --- | P41: --- | R41: UN | S41: 053 | U41: TRUE | V41: --- | X41: --- | Z41: --- | AB41: UN | AC41: 153 | AD41: UN | AE41: 153 | AF41: ---
B42: INT. | C42: S2 RENAN | D42: RESGATISTA | E42: 763594-0 | G42: TRUE | H42: M | I42: 025 | J42: M | K42: 025 | L42: 44 | M42: 025 | N42: UN | O42: 025 | P42: UN | Q42: 025 | R42: UN | S42: 025 | U42: FALSE | V42: --- | X42: --- | Z42: --- | AB42: --- | AD42: --- | AF42: ---
B43: EXT. | C43: 3S FANCK | D43: CHEFE DE EQUIPE | E43: 610962-4 | G43: TRUE | H43: M | I43: 010 | J43: M | K43: 010 | L43: --- | N43: --- | P43: UN | Q43: 010 | R43: UN | S43: 010 | U43: TRUE | V43: --- | X43: --- | Z43: 42 | AA43: 110 | AB43: UN | AC43: 110 | AD43: --- | AF43: ---
B44: EXT. | C44: 3S BIAZETTO | D44: MOTORISTA | E44: 749536-6 | G44: FALSE | H44: --- | J44: --- | L44: --- | N44: --- | P44: --- | R44: --- | U44: FALSE | V44: --- | X44: --- | Z44: --- | AB44: --- | AD44: --- | AF44: ---
B45: EXT. | C45: 3S LIMA | D45: MOTORISTA | E45: 749518-8 | G45: FALSE | H45: --- | J45: --- | L45: --- | N45: --- | P45: --- | R45: --- | U45: FALSE | V45: --- | X45: --- | Z45: --- | AB45: --- | AD45: --- | AF45: ---
B46: EXT. | C46: CB CÍCERO SILVA | D46: LÍDER DE RESGATE | E46: 694139-7 | G46: TRUE | H46: M | I46: 026 | J46: P | K46: 026 | L46: 41 | M46: 026 | N46: UN | O46: 026 | P46: UN | Q46: 026 | R46: UN | S46: 026 | U46: FALSE | V46: --- | X46: --- | Z46: --- | AB46: --- | AD46: --- | AF46: ---
B47: EXT. | C47: CB C. MACHADO | D47: LÍDER DE RESGATE | E47: 713809-1 | G47: TRUE | H47: M | I47: 027 | J47: M | K47: 027 | L47: 44 | M47: 027 | N47: UN | O47: 027 | P47: UN | Q47: 027 | R47: UN | S47: 027 | U47: FALSE | V47: --- | X47: --- | Z47: --- | AB47: --- | AD47: --- | AF47: ---
B48: EXT. | C48: CB GABRIEL CORREA | D48: LÍDER DE RESGATE | E48: 713721-4 | G48: TRUE | H48: GG | I48: 028 | J48: G | K48: 028 | L48: 44 | M48: 028 | N48: --- | P48: UN | Q48: 028 | R48: UN | S48: 028 | U48: TRUE | V48: --- | X48: --- | Z48: --- | AB48: UN | AC48: 128 | AD48: --- | AF48: ---
B49: EXT. | C49: CB SPEROTTO | D49: LÍDER DE RESGATE | E49: 713817-2 | G49: TRUE | H49: M | I49: 029 | J49: M | K49: 029 | L49: --- | N49: UN | O49: 029 | P49: UN | Q49: 029 | R49: UN | S49: 029 | U49: TRUE | V49: --- | X49: --- | Z49: 44 | AA49: 129 | AB49: --- | AD49: --- | AF49: ---
B50: EXT. | C50: CB LEITE | D50: MOTORISTA | E50: 713759-1 | G50: FALSE | H50: --- | J50: --- | L50: --- | N50: --- | P50: --- | R50: --- | U50: FALSE | V50: --- | X50: --- | Z50: --- | AB50: --- | AD50: --- | AF50: ---
B51: EXT. | C51: CB LEOTTE | D51: LÍDER DE RESGATE | E51: 713727-3 | G51: TRUE | H51: M | I51: 030 | J51: M | K51: 030 | L51: 42 | M51: 030 | N51: UN | O51: 030 | P51: UN | Q51: 030 | R51: UN | S51: 030 | U51: FALSE | V51: --- | X51: --- | Z51: --- | AB51: --- | AD51: --- | AF51: ---
B52: EXT. | C52: CB EMERSON | D52: COMBATENTE | E52: 769328-1 | G52: FALSE | H52: --- | J52: --- | L52: --- | N52: --- | P52: --- | R52: --- | U52: TRUE | V52: P | W52: 171 | X52: P | Y52: 171 | Z52: 41 | AA52: 171 | AB52: --- | AC52: 171 | AD52: UN | AE52: 171 | AF52: UN | AG52: 171
B53: EXT. | C53: CB VIANA | D53: COMBATENTE | E53: 7691190 | G53: FALSE | H53: --- | J53: --- | L53: --- | N53: --- | P53: --- | R53: --- | U53: TRUE | V53: G | W53: 170 | X53: G | Y53: 170 | Z53: 44 | AA53: 170 | AB53: UN | AC53: 170 | AD53: UN | AE53: 170 | AF53: UN | AG53: 170
B54: EXT. | C54: CB DANIEL | D54: COMBATENTE | E54: 7693346 | G54: TRUE | H54: P | I54: 068 | J54: P | K54: 068 | L54: 42 | M54: 068 | N54: UN | O54: 068 | P54: UN | Q54: 068 | R54: UN | S54: 068 | U54: FALSE | V54: --- | X54: --- | Z54: --- | AB54: --- | AD54: --- | AF54: ---
B55: EXT. | C55: CB WAGNER DUARTE | D55: RÁDIO OPERADOR | E55: 769377-0 | G55: FALSE | H55: --- | J55: --- | L55: --- | N55: --- | P55: --- | R55: --- | U55: TRUE | V55: G | W55: 167 | X55: GG | Y55: 167 | Z55: 41 | AA55: 167 | AB55: UN | AC55: 167 | AD55: UN | AE55: 167 | AF55: UN | AG55: 167
B56: EXT. | C56: CB NICOLINI | D56: COMBATENTE | E56: 713757-5 | G56: FALSE | H56: --- | J56: --- | L56: --- | N56: --- | P56: --- | R56: --- | U56: TRUE | V56: G | W56: 166 | X56: GG | Y56: 166 | Z56: 44 | AA56: 166 | AB56: UN | AC56: 166 | AD56: UN | AE56: 166 | AF56: UN | AG56: 166
B57: EXT. | C57: CB ROBERTO | D57: COMBATENTE | E57: 734404-0 | G57: FALSE | H57: --- | J57: --- | L57: --- | N57: --- | P57: --- | R57: --- | U57: TRUE | V57: EG | W57: 165 | X57: EG | Y57: 165 | Z57: 46 | AA57: 165 | AB57: UN | AC57: 165 | AD57: UN | AE57: 165 | AF57: UN | AG57: 165
B58: EXT. | C58: S1 JACOBI | D58: LÍDER DE RESGATE | E58: 728120-0 | G58: TRUE | H58: M | I58: 031 | J58: M | K58: 031 | L58: 42 | M58: 031 | N58: --- | P58: UN | Q58: 031 | R58: UN | S58: 031 | U58: TRUE | V58: --- | X58: --- | Z58: --- | AB58: UN | AC58: 131 | AD58: --- | AF58: ---
B59: EXT. | C59: S1 JOÃO GABRIEL | D59: RESGATISTA | E59: 734433-3 | G59: FALSE | H59: --- | J59: --- | L59: --- | N59: --- | P59: --- | R59: --- | U59: TRUE | V59: GG | W59: 154 | X59: GG | Y59: 154 | Z59: 44 | AA59: 154 | AB59: UN | AC59: 154 | AD59: UN | AE59: 154 | AF59: UN | AG59: 154
B60: EXT. | C60: S1 FABRYCIO | D60: RESGATISTA | E60: 734359-0 | G60: TRUE | H60: G | I60: 036 | J60: M | K60: 036 | L60: --- | N60: UN | O60: 036 | P60: UN | Q60: 036 | R60: UN | S60: 018 | U60: FALSE | V60: --- | X60: --- | Z60: 44 | AA60: 155 | AB60: --- | AD60: --- | AF60: ---
B61: EXT. | C61: S2 SIQUEIRA | D61: RESGATISTA | E61: 744822-8 | G61: TRUE | H61: G | I61: 032 | J61: G | K61: 032 | L61: 43 | M61: 032 | N61: UN | O61: 032 | P61: UN | Q61: 032 | R61: UN | S61: 032 | U61: FALSE | V61: --- | X61: --- | Z61: --- | AB61: --- | AD61: --- | AF61: ---
B62: EXT. | C62: S2 LANG | D62: COMBATENTE | E62: 750825-5 | G62: TRUE | H62: M | I62: 033 | J62: M | K62: 033 | L62: --- | N62: --- | P62: --- | R62: UN | S62: 033 | U62: TRUE | V62: --- | X62: --- | Z62: 41 | AA62: 133 | AB62: --- | AD62: UN | AE62: 133 | AF62: ---
B63: EXT. | C63: S2 FONTES | D63: COMBATENTE | E63: 750873-5 | G63: TRUE | H63: M | I63: 034 | J63: M | K63: 034 | L63: 42 | M63: 034 | N63: UN | O63: 034 | P63: --- | R63: --- | U63: TRUE | V63: --- | X63: --- | Z63: --- | AB63: --- | AD63: UN | AE63: 134 | AF63: UN | AG63: 134
B64: EXT. | C64: S2 FRANÇA | D64: COMBATENTE | E64: 750796-8 | G64: TRUE | H64: M | I64: 013 | J64: M | K64: 013 | L64: 42 | M64: 013 | N64: UN | O64: 013 | P64: UN | Q64: 013 | R64: --- | U64: FALSE | V64: --- | X64: --- | Z64: --- | AB64: --- | AD64: --- | AF64: UN | AG64: 113
B65: EXT. | C65: S2 KRONBAUER | D65: RÁDIO OPERADOR | E65: 750808-5 | G65: FALSE | H65: --- | J65: --- | L65: --- | N65: --- | P65: --- | R65: --- | U65: TRUE | V65: G | W65: 156 | X65: G | Y65: 156 | Z65: 42 | AA65: 156 | AB65: UN | AC65: 156 | AD65: UN | AE65: 156 | AF65: UN | AG65: 156
B66: EXT. | C66: S2 DE SÁ | D66: COMBATENTE | E66: 750802-6 | G66: TRUE | H66: G | I66: 035 | J66: G | K66: 035 | L66: --- | N66: --- | P66: --- | R66: --- | U66: FALSE | V66: --- | X66: --- | Z66: 45 | AA66: 135 | AB66: UN | AC66: 135 | AD66: UN | AE66: 135 | AF66: UN | AG66: 135
B67: EXT. | C67: S2 JÚLIO | D67: COMBATENTE | E67: 763586-9 | G67: FALSE | H67: --- | J67: --- | L67: --- | N67: --- | P67: UN | Q67: 057 | R67: --- | U67: TRUE | V67: P | W67: 157 | X67: P | Y67: 157 | Z67: 40 | AA67: 157 | AB67: UN | AC67: 157 | AD67: --- | AF67: UN | AG67: 157
B68: EXT. | C68: S2 J. SOUZA | D68: COMBATENTE | E68: 763604-0 | G68: FALSE | H68: --- | J68: --- | L68: --- | N68: --- | P68: --- | R68: --- | U68: TRUE | V68: P | W68: 158 | X68: P | Y68: 158 | Z68: 40 | AA68: 158 | AB68: UN | AC68: 158 | AD68: UN | AE68: 158 | AF68: UN | AG68: 158
B69: EXT. | C69: S2 FERREIRA SOUZA | D69: COMBATENTE | E69: 763653-9 | G69: TRUE | H69: G | I69: 059 | J69: G | K69: 059 | L69: --- | N69: --- | P69: --- | R69: --- | U69: TRUE | V69: --- | X69: --- | Z69: 42 | AA69: 159 | AB69: UN | AC69: 159 | AD69: UN | AE69: 159 | AF69: UN | AG69: 159
B70: EXT. | C70: S2 PAIXÃO | D70: COMBATENTE | E70: 763663-6 | G70: TRUE | H70: M | I70: 060 | J70: P | K70: 060 | L70: --- | N70: --- | P70: --- | R70: --- | U70: TRUE | V70: --- | X70: --- | Z70: 42 | AA70: 160 | AB70: UN | AC70: 160 | AD70: UN | AE70: 160 | AF70: --- | AG70: 160
B71: EXT. | C71: S2 NYCOLAS ROSA | D71: COMBATENTE | E71: 763587-7 | G71: TRUE | H71: P | I71: 061 | J71: P | K71: 061 | L71: 44 | M71: 061 | N71: --- | P71: --- | R71: --- | U71: TRUE | V71: --- | X71: --- | Z71: --- | AB71: UN | AC71: 161 | AD71: UN | AE71: 161 | AF71: UN | AG71: 161
B72: EXT. | C72: S2 MARCOS | D72: COMBATENTE | E72: 763638-5 | G72: TRUE | H72: M | I72: 062 | J72: M | K72: 062 | L72: --- | N72: --- | P72: --- | R72: UN | S72: 062 | U72: TRUE | V72: --- | X72: --- | Z72: 44 | AA72: 162 | AB72: UN | AC72: 162 | AD72: UN | AE72: 162 | AF72: ---
B73: EXT. | C73: S2 GIULIANO | D73: COMBATENTE | E73: 763584-2 | G73: FALSE | H73: --- | J73: --- | L73: --- | N73: --- | P73: --- | R73: --- | U73: TRUE | V73: GG | W73: 163 | X73: GG | Y73: 163 | Z73: 44 | AA73: 163 | AB73: UN | AC73: 163 | AD73: UN | AE73: 163 | AF73: UN | AG73: 163
B74: EXT. | C74: S2 DALSSASSO | D74: COMBATENTE | E74: 763667-9 | G74: FALSE | H74: --- | J74: --- | L74: --- | N74: --- | P74: --- | R74: --- | U74: TRUE | V74: GG | W74: 164 | X74: GG | Y74: 164 | Z74: 44 | AA74: 164 | AB74: UN | AC74: 164 | AD74: UN | AE74: 164 | AF74: UN | AG74: 164
B75: EXT. | C75: S2 HENKES | D75: RESGATISTA | E75: 750787-9 | G75: FALSE | H75: --- | J75: --- | L75: --- | N75: --- | P75: --- | R75: --- | U75: TRUE | V75: GG | W75: 172 | X75: GG | Y75: 172 | Z75: 44 | AA75: 172 | AB75: UN | AC75: 172 | AD75: UN | AE75: 172 | AF75: UN | AG75: 172
B76: EXT. | C76: S2 RECK | D76: COMBATENTE | E76: 754691-2 | G76: FALSE | H76: --- | J76: --- | L76: --- | N76: --- | P76: --- | R76: --- | U76: TRUE | V76: G | W76: 173 | X76: G | Y76: 173 | Z76: 43 | AA76: 173 | AB76: UN | AC76: 173 | AD76: UN | AE76: 173 | AF76: UN | AG76: 173
B77: EXT. | C77: S2LOUREIRO | D77: COMBATENTE | E77: 759933-1 | G77: TRUE | H77: M | I77: 024 | J77: M | K77: 024 | L77: 42 | M77: 024 | N77: UN | O77: 024 | P77: UN | Q77: 020 | R77: UN | S77: 024 | U77: FALSE | V77: --- | X77: --- | Z77: --- | AB77: --- | AD77: --- | AF77: ---
B78: EXT. | C78: S2 BORGES | D78: RÁDIO OPERADOR | E78: 759988-9 | G78: FALSE | H78: --- | J78: --- | L78: --- | N78: --- | P78: --- | R78: --- | U78: TRUE | V78: GG | W78: 175 | X78: GG | Y78: 175 | Z78: 42 | AA78: 175 | AB78: UN | AC78: 175 | AD78: UN | AE78: 175 | AF78: UN | AG78: 175
B79: EXT. | C79: S2 LATORRE | D79: RÁDIO OPERADOR | E79: 759956-0 | G79: FALSE | H79: --- | J79: --- | L79: --- | N79: --- | P79: --- | R79: --- | U79: TRUE | V79: M | W79: 176 | X79: M | Y79: 176 | Z79: 42 | AA79: 176 | AB79: UN | AC79: 176 | AD79: UN | AE79: 176 | AF79: UN | AG79: 176
B80: EXT. | C80: S2 ABREU | D80: RÁDIO OPERADOR | E80: 759992-7 | G80: FALSE | H80: --- | J80: --- | L80: --- | N80: --- | P80: --- | R80: --- | U80: TRUE | W80: 177 | Y80: 177 | AA80: 177 | AC80: 177 | AE80: 177 | AG80: 177
B81: EXT. | C81: S2 JACOBSEN | D81: RÁDIO OPERADOR | E81: 759943-9 | G81: FALSE | H81: --- | J81: --- | L81: --- | N81: --- | P81: --- | R81: --- | U81: TRUE | V81: GG | W81: 178 | X81: GG | Y81: 178 | Z81: 43 | AA81: 178 | AB81: UN | AC81: 178 | AD81: UN | AE81: 178 | AF81: UN | AG81: 178
B82: EXT. | C82: S2 MARTINS | D82: RÁDIO OPERADOR | E82: 759943-9 | G82: FALSE | H82: --- | J82: --- | L82: --- | N82: --- | P82: --- | R82: --- | U82: TRUE | V82: GG | W82: 179 | X82: GG | Y82: 179 | Z82: 43 | AA82: 179 | AB82: UN | AC82: 179 | AD82: UN | AE82: 179 | AF82: UN | AG82: 179
B83: EXT. | C83: S2 J SANTOS | D83: RÁDIO OPERADOR | E83: 768589-0 | G83: FALSE | H83: --- | J83: --- | L83: --- | N83: --- | P83: --- | R83: --- | U83: TRUE | V83: GG | W83: 180 | X83: GG | Y83: 180 | Z83: 42 | AA83: 180 | AB83: UN | AC83: 180 | AD83: UN | AE83: 180 | AF83: UN | AG83: 180
B84: EXT. | C84: S2 RICHARD | D84: COMBATENTE | E84: 768590-4 | G84: FALSE | H84: --- | J84: --- | L84: --- | N84: --- | P84: --- | R84: --- | U84: TRUE | V84: M | W84: 181 | X84: M | Y84: 181 | Z84: 41 | AA84: 181 | AB84: UN | AC84: 181 | AD84: UN | AE84: 181 | AF84: UN | AG84: 181
B85: EXT. | C85: S2 SANCHES | D85: RÁDIO OPERADOR | E85: 768570-0 | G85: FALSE | H85: --- | J85: --- | L85: --- | N85: --- | P85: --- | R85: --- | U85: TRUE | V85: P | W85: 182 | X85: GG | Y85: 182 | Z85: 40 | AA85: 182 | AB85: UN | AC85: 182 | AD85: UN | AE85: 182 | AF85: UN | AG85: 182
B86: EST. | C86: RESERVA | D86: --- | E86: ------------ | G86: TRUE | H86: M | I86: 018 | J86: M | K86: 018 | L86: 40 | M86: 018 | N86: UN | O86: 018 | P86: UN | Q86: 018 | R86: --- | U86: FALSE | V86: --- | X86: --- | Z86: --- | AB86: --- | AD86: --- | AF86: ---
B87: EST. | C87: RESERVA | D87: --- | E87: ------------ | G87: TRUE | H87: M | I87: 020 | J87: M | K87: 020 | L87: 44 | M87: 020 | N87: UN | O87: 020 | P87: --- | R87: UN | S87: 020 | U87: FALSE | V87: --- | X87: --- | Z87: --- | AB87: --- | AD87: --- | AF87: ---
B88: EST. | C88: RESERVA | D88: --- | E88: ------------ | G88: TRUE | H88: P | I88: 012 | J88: M | K88: 012 | L88: --- | N88: --- | P88: --- | R88: --- | U88: FALSE | V88: --- | X88: --- | Z88: --- | AB88: --- | AD88: --- | AF88: ---
B89: EST. | C89: RESERVA | D89: --- | E89: ------------ | G89: TRUE | H89: P | I89: 037 | J89: M | K89: 037 | L89: 41 | M89: 037 | N89: UN | O89: 037 | P89: --- | R89: UN | S89: 037 | U89: FALSE | V89: --- | X89: --- | Z89: --- | AB89: --- | AD89: --- | AF89: ---
B90: EST. | C90: RESERVA | D90: --- | E90: ------------ | G90: FALSE | H90: --- | J90: --- | L90: --- | N90: --- | P90: --- | R90: --- | U90: FALSE | V90: --- | X90: --- | Z90: --- | AB90: --- | AD90: --- | AF90: ---
B91: EST. | C91: RESERVA | D91: --- | E91: ------------ | G91: FALSE | H91: --- | J91: --- | L91: --- | N91: --- | P91: --- | R91: --- | U91: FALSE | V91: --- | X91: --- | Z91: --- | AB91: --- | AD91: --- | AF91: ---
B92: --- | D92: --- | G92: FALSE | H92: --- | J92: --- | L92: --- | N92: --- | P92: --- | R92: --- | U92: FALSE | V92: --- | X92: --- | Z92: --- | AB92: --- | AD92: --- | AF92: ---
B93: --- | D93: --- | G93: FALSE | H93: --- | J93: --- | L93: --- | N93: --- | P93: --- | R93: --- | U93: FALSE | V93: --- | X93: --- | Z93: --- | AB93: --- | AD93: --- | AF93: ---
B94: --- | D94: --- | G94: FALSE | H94: --- | J94: --- | L94: --- | N94: --- | P94: --- | R94: --- | U94: FALSE | V94: --- | X94: --- | Z94: --- | AB94: --- | AD94: --- | AF94: ---
B95: --- | D95: --- | G95: FALSE | H95: --- | J95: --- | L95: --- | N95: --- | P95: --- | R95: --- | U95: FALSE | V95: --- | X95: --- | Z95: --- | AB95: --- | AD95: --- | AF95: ---
B96: --- | D96: --- | G96: FALSE | H96: --- | J96: --- | L96: --- | N96: --- | P96: --- | R96: --- | U96: FALSE | V96: --- | X96: --- | Z96: --- | AB96: --- | AD96: --- | AF96: ---
B97: --- | D97: --- | G97: FALSE | H97: --- | J97: --- | L97: --- | N97: --- | P97: --- | R97: --- | U97: FALSE | V97: --- | X97: --- | Z97: --- | AB97: --- | AD97: --- | AF97: ---
B98: --- | D98: --- | G98: FALSE | H98: --- | J98: --- | L98: --- | N98: --- | P98: --- | R98: --- | U98: FALSE | V98: --- | X98: --- | Z98: --- | AB98: --- | AD98: --- | AF98: ---

Sheet CONSUMO E DURADOURO
B1: SETOR | C1: BMP | D1: SITUAÇÃO | E1: DOCUMENTO | F1: DESCRIÇÃO DO MATERIAL
B2: RESERVA | C2: 1442090 | D2: CONS. DURAD. | E2: ...............….. | F2: 1 | G2: Pulverizador De Fumaça Para Apicultor
B3: RESERVA | C3: 1442100 | D3: CONS. DURAD. | E3: ...............….. | F3: 1 | G3: Luvas De Pvc Forrada Co 70cm Na Cor Verde
B4: RESERVA | C4: 1442108 | D4: CONS. DURAD. | E4: ...............….. | F4: 4 | G4: Luvas De Pvc Forrada Co 46cm Na Cor Verde
B5: RESERVA | C5: 1442115 | D5: CONS. DURAD. | E5: ...............….. | F5: 2 | G5: Cinturão De Segurança Tipo Abdominal
B6: RESERVA | C6: 1442119 | D6: CONS. DURAD. | E6: ...............….. | F6: 3 | G6: Capa De Chuva Em Pvc T - 50
B7: ARMAZ. | C7: 1442127 | D7: CONS. DURAD. | E7: ...............….. | F7: 11 | G7: Bota Preta Em Borracha De Cano Médio
B8: RESERVA | C8: 1442131 | D8: CONS. DURAD. | E8: ...............….. | F8: 4 | G8: Luva De Raspa De Couro 20cm
B9: ARMAZ. | C9: 1442135 | D9: CONS. DURAD. | E9: ...............….. | F9: 3 | G9: Croque Com Cabo Telescópio Em 3m
B10: RESERVA | C10: 1442138 | D10: CONS. DURAD. | E10: ...............….. | F10: 1 | G10: Macacão Em Pvc Tipo Saneamento Grande
B11: RESERVA | C11: 1442147 | D11: CONS. DURAD. | E11: ...............….. | F11: 16 | G11: Adaptador De Rosca 2 ¹/2
B12: ARMAZ. | C12: 1442150 | D12: CONS. DURAD. | E12: ...............….. | F12: 15 | G12: Luva De Aproximação De Fogo
B13: RESERVA | C13: 1442153 | D13: CONS. DURAD. | E13: ...............….. | F13: 18 | G13: Tampão De 2 ¹/2
... B100: RESERVA | C100: 1693535 | D100: CONS. DURAD. | E100: ...............….. | F100: 2 | G100: Chave De Fenda 3/16pol Ou 5x100mm

Sheet EXTINTORES
B1: SETOR | C1: BMP | D1: SITUAÇÃO | E1: DOCUMENTO | F1: DESCRIÇÃO DO MATERIAL
B2: OREI DEP. | C2: 938082 | D2: DESCARREGADO | E2: SUBP. 5303 | F2: Extintor De Incêndio Tipo Emp-10l. (SISPAT: 33920042 - FCG: 3392)
B3: OREI DEP. | C3: 938083 | D3: DESCARREGADO | E3: SUBP. 5303 | F3: Extintor De Incêndio Tipo Emp-10l. (SISPAT: 33920043 - FCG: 3392)
B4: OREI DEP. | C4: 938084 | D4: DESCARREGADO | E4: SUBP. 5303 | F4: Extintor De Incêndio Tipo Emp-10l. (SISPAT: 33920044 - FCG: 3392)
B5: OREI DEP. | C5: 938085 | D5: DESCARREGADO | E5: SUBP. 5303 | F5: Extintor De Incêndio Tipo Emp-10l. (SISPAT: 33920045 - FCG: 3392)
B6: OREI DEP. | C6: 938086 | D6: DESCARREGADO | E6: SUBP. 5303 | F6: Extintor De Incêndio Tipo Emp-10l. (SISPAT: 33920046 - FCG: 3392)
B7: OREI DEP. | C7: 938087 | D7: DESCARREGADO | E7: SUBP. 5303 | F7: Extintor De Incêndio Tipo Emp-10l. (SISPAT: 33920040 - FCG: 3392)
B8: OREI DEP. | C8: 938088 | D8: DESCARREGADO | E8: SUBP. 5303 | F8: Extintor De Incêndio Tipo Emp-10l. (SISPAT: 33920041 - FCG: 3392)
B9: OREI DEP. | C9: 938089 | D9: DESCARREGADO | E9: SUBP. 5303 | F9: Extintor De Incêndio Tipo Emp-10l. (SISPAT: 33920047 - FCG: 3392)
B10: OREI DEP. | C10: 938090 | D10: DESCARREGADO | E10: SUBP. 5303 | F10: Extintor De Incêndio Tipo Emp-10l. (SISPAT: 33920048 - FCG: 3392)
B11: OREI DEP. | C11: 938091 | D11: DESCARREGADO | E11: SUBP. 5303 | F11: Extintor De Incêndio Tipo Emp-10l. (SISPAT: 33920049 - FCG: 3392)
B12: OREI DEP. | C12: 938092 | D12: DESCARREGADO | E12: SUBP. 5303 | F12: Extintor De Incêndio Tipo Emp-10l. (SISPAT: 33920050 - FCG: 3392)
B13: OREI DEP. | C13: 938093 | D13: DESCARREGADO | E13: SUBP. 5303 | F13: Extintor De Incêndio Tipo Emp-10l. (SISPAT: 33920051 - FCG: 3392)
... B1773: OREI DEP. | C1773: 1908518 | D1773: PERFEITO | E1773: ...............….. | F1773: Extintor De Incêndio Tipo Abc 06 Kg - Validade 05 Anos

Sheet PERMANENTE 
B1: SETOR | C1: 📋 | D1: ✔ | E1: BMP | F1: SITUAÇÃO | G1: DOCUMENTO | H1: DESCRIÇÃO DO MATERIAL
B2: ARMAZ. | C2: 1 | D2: TRUE | E2: 501202 | F2: PERFEITO | G2: ...............….. | H2: Estabilizador De Tensão Bmi , Bivolt, Mod. Microline Iii Ml1000b1 (SISPAT: 452136 - FCG: 18755 - Nº SÉRIE:DACTA2/2010-086)
B3: F 06 | C3: 1 | D3: TRUE | E3: 937117 | F3: PERFEITO | G3: ...............….. | H3: Transceptor Móvel Monocanal, Vhf/Fm, Faixa De Operação 148 A 174.999 Mhz, Potência De 45w,Marca Motorola, Acompanhado De Antena Com Cabo Coaxial Medidor 4.400mm, Microfone, Kit DeInstalação E Manual Técnico. (SISPAT: 9911 - FCG: 11105)
B4: F 08 | C4: 1 | D4: TRUE | E4: 937118 | F4: TROCA NOMEN. | G4: ...............….. | H4: Transceptor Móvel Monocanal, Vhf/Fm, Faixa De Operação 148 A 174.999 Mhz, Potência De 45w, Marca Motorola, Acompanhado De Antena Com Cabo Coaxial Medidor 4.400mm, Microfone, Kit DeInstalação E Manual Técnico. (SISPAT: 9912 - FCG: 11105)
B5: MANUTENÇÃO | C5: 1 | D5: TRUE | E5: 937119 | F5: TROCA NOMEN. | G5: ...............….. | H5: Transceptor Móvel Monocanal, Vhf/Fm, Faixa De Operação 148 A 174.999 Mhz, Potência De 45w, Marca Motorola, Acompanhado De Antena Com Cabo Coaxial Medidor 4.400mm, Microfone, Kit DeInstalação E Manual Técnico. (SISPAT: 9913 - FCG: 11105)
B6: MANUTENÇÃO | C6: 1 | D6: TRUE | E6: 937120 | F6: TROCA NOMEN. | G6: ...............….. | H6: Transceptor Móvel Monocanal, Vhf/Fm, Faixa De Operação 148 A 174.999 Mhz, Potência De 45w, Marca Motorola, Acompanhado De Antena Com Cabo Coaxial Medidor 4.400mm, Microfone, Kit DeInstalação E Manual Técnico. (SISPAT: 9914 - FCG: 11105)
B7: MANUTENÇÃO | C7: 1 | D7: TRUE | E7: 937121 | F7: TROCA NOMEN. | G7: ...............….. | H7: Transceptor Móvel Monocanal, Vhf/Fm, Faixa De Operação 148 A 174.999 Mhz, Potência De 45w, Marca Motorola, Acompanhado De Antena Com Cabo Coaxial Medidor 4.400mm, Microfone, Kit DeInstalação E Manual Técnico. (SISPAT: 9915 - FCG: 11105)
B8: MANUTENÇÃO | C8: 1 | D8: TRUE | E8: 937122 | F8: TROCA NOMEN. | G8: ...............….. | H8: Transceptor Fixo Monocanal, Vhf/Fm, Faixa De Operações 148 A 174.999mhz, Potência De 45w Com Fonte De Flutuação Marca Motorola. (SISPAT: 9919 - FCG: 11130)
B9: DOC | C9: --- | D9: TRUE | E9: 937142 | F9: DESCARREGADO | G9: PARTE 1241 | H9: Rádio Transceptor Móvel Vhf, Nº De Série 019nes0117, Motorola Completo. (SISPAT: 28665 - FCG: 13037)
B10: DOC | C10: 1 | D10: TRUE | E10: 937192 | F10: DESCARREGADO | G10: SUBP. 10469 | H10: Balança Eletrônica, De 150 Kg. (SISPAT: 258401 - FCG: 2584)
B11: MANUTENÇÃO | C11: 1 | D11: TRUE | E11: 937193 | F11: PERFEITO | G11: ...............….. | H11: Calibrador De Pneu De Parede De 0 Até 80 Libras. Marca Garagem. (SISPAT: 36440001 - FCG: 3644)
B12: DOC | C12: 1 | D12: TRUE | E12: 937228 | F12: TRANSFERIDO | G12: SUBP. 4228 | H12: Paquímetro Mytutoyo De 6 Pol. (SISPAT: 5151 - FCG: 3582)
B13: DOC | C13: --- | D13: TRUE | E13: 937244 | F13: DESCARREGADO | G13: SUBP. 4358 | H13: Equipamento De Teste Hidrostatico De Ampolas Completo. (SISPAT: 27238 - FCG: 16317)
B14: OREI DEP. | C14: 1 | D14: TRUE | E14: 937318 | F14: DESCARREGADO | G14: SUBP. 10469 | H14: Balança Eletrônica Digital, Capacidade De Ate 50 Kg, 110/220v. (SISPAT: 13973 - FCG: 9)
B15: OREI DEP. | C15: 1 | D15: TRUE | E15: 937328 | F15: DESCARREGADO | G15: SUBP. 10469 | H15: Balança De 25 Kg - Bancada 24 Cm/36 Cm Divisao 50g - Leitura Regua Mecanica, Modelo 250. (SISPAT: 7327 - FCG: 4124)
B16: OREI DEP. | D16: TRUE | E16: 937351 | F16: DESCARREGADO | G16: SUBP. 10468 | H16: Aparelho Telefônico Comum De Teclas Padrão Telebras. (SISPAT: 241626 - FCG: 2416)
B17: OREI DEP. | D17: TRUE | E17: 937352 | F17: DESCARREGADO | G17: SUBP. 10468 | H17: Aparelho Telefônico Comum De Teclas Padrão Telebras. (SISPAT: 241627 - FCG: 2416)
B18: DOC | C18: --- | D18: TRUE | E18: 937353 | F18: DESCARREGADO | G18: PARTE 1241 | H18: Aparelho Telefônico Comum De Teclas Padrão Telebras. (SISPAT: 241628 - FCG: 2416)
B19: OREI DEP. | D19: TRUE | E19: 937354 | F19: DESCARREGADO | G19: SUBP. 10468 | H19: Aparelho Telefônico Comum De Teclas Padrão Telebras. (SISPAT: 241629 - FCG: 2416)
B20: OREI DEP. | D20: TRUE | E20: 937771 | F20: DESCARREGADO | G20: SUBP. 10468 | H20: Aparelho De Fax, Sem Secretária E Com Corte Automático De Papel, 110v, Marca Sharp, Modelo Ux 66,N/S 17123443. (SISPAT: 19918 - FCG: 5187)
B21: DOC | C21: --- | D21: TRUE | E21: 937787 | F21: DESCARREGADO | G21: PARTE 1241 | H21: Conjunto De Laringofone. (SISPAT: 33540001 - FCG: 3354)
B22: DOC | C22: --- | D22: TRUE | E22: 937824 | F22: DESCARREGADO | G22: PARTE 1241 | H22: Conjunto De Laringofone. (SISPAT: 33540002 - FCG: 3354)
B23: DOC | C23: --- | D23: TRUE | E23: 937825 | F23: DESCARREGADO | G23: PARTE 1241 | H23: Conjunto De Laringofone. (SISPAT: 33540003 - FCG: 3354)
B24: DOC | C24: --- | D24: TRUE | E24: 937826 | F24: DESCARREGADO | G24: PARTE 1241 | H24: Conjunto De Laringofone. (SISPAT: 33540004 - FCG: 3354)
B25: DOC | C25: --- | D25: TRUE | E25: 937827 | F25: DESCARREGADO | G25: PARTE 1241 | H25: Conjunto De Laringofone. (SISPAT: 33540005 - FCG: 3354)
B26: DOC | C26: --- | D26: TRUE | E26: 937828 | F26: DESCARREGADO | G26: PARTE 1241 | H26: Conjunto De Laringofone. (SISPAT: 33540006 - FCG: 3354)
B27: DOC | C27: --- | D27: TRUE | E27: 937829 | F27: DESCARREGADO | G27: PARTE 1241 | H27: Rádio Transceptor Vhf Portátil, Completo. (SISPAT: 33550001 - FCG: 3355)
B28: DOC | C28: --- | D28: TRUE | E28: 937830 | F28: DESCARREGADO | G28: PARTE 1241 | H28: Rádio Transceptor Vhf Portátil, Completo. (SISPAT: 33550002 - FCG: 3355)
B29: DOC | C29: --- | D29: TRUE | E29: 937831 | F29: DESCARREGADO | G29: PARTE 1241 | H29: Rádio Transceptor Vhf Portátil, Completo. (SISPAT: 33550003 - FCG: 3355)
B30: DOC | C30: --- | D30: TRUE | E30: 937832 | F30: DESCARREGADO | G30: PARTE 1241 | H30: Rádio Transceptor Vhf Portátil, Completo. (SISPAT: 33550004 - FCG: 3355)
B31: DOC | C31: --- | D31: TRUE | E31: 937833 | F31: DESCARREGADO | G31: PARTE 1241 | H31: Rádio Transceptor Vhf Portátil, Completo. (SISPAT: 33550005 - FCG: 3355)
B32: DOC | C32: --- | D32: FALSE | E32: 937834 | F32: DESCARREGADO | G32: PARTE 1241 | H32: Rádio Transceptor Vhf Portátil, Completo. (SISPAT: 33550006 - FCG: 3355)
B33: DOC | C33: 3 | D33: TRUE | E33: 937875 | F33: TRANSFERIDO | G33: SUBP. 4228 | H33: Paquímetro Marca Mitutoyo. (SISPAT: 19308 - FCG: 3900)
B34: DOC | C34: 3 | D34: TRUE | E34: 937876 | F34: TRANSFERIDO | G34: SUBP. 4228 | H34: Torquimetro Estalo, Marca Raven, Modelo 2008, De 3kgf/Cm2 A 14kgf/Cm2. (SISPAT: 19309 - FCG: 3908)
B35: OREI DEP. | C35: 3 | D35: TRUE | E35: 937877 | F35: DESCARREGADO | G35: SUBP. 10469 | H35: Balança De Precisao Eletroânica, Com Capacidade Para 6kg, Divisao Minima De 2g, Plataforma Medindo 270 X 235mm, Com Indicador Digital Modelo Id - 900. (SISPAT: 19314 - FCG: 3920)
B36: PAJÉ | C36: 3 | D36: TRUE | E36: 937882 | F36: REGISTRO | G36: ...............….. | H36: Condicionador De Ar Split Com Capacidade De 18000 Btus, 220v, Ar Quente E Frio, Com ControleRemoto. (SISPAT: 19410001 - FCG: 1941)
B37: DOC | C37: --- | D37: TRUE | E37: 937942 | F37: DESCARREGADO | G37: PARTE 1241 | H37: Motosserra Completa. (SISPAT: 33560001 - FCG: 3356)
B38: ARMAZ. | C38: 3 | D38: TRUE | E38: 937946 | F38: PROCES. DESCARG. | G38: SUB 13715 | H38: Motoserra Nº 138478590, Marca Sthil Mod. Ts350, Com Kit De Corte Para Metais. (SISPAT: 14888 - FCG: 327)
B39: OREI DEP. | C39: 3 | D39: TRUE | E39: 937950 | F39: DESCARREGADO | G39: SUBP. 10469 | H39: Pulverizador De Fumaça Para Apicultor, Sc Brasil. (SISPAT: 156501 - FCG: 1565
B40: OREI DEP. | C40: 4 | D40: TRUE | E40: 938021 | F40: CONDENADO | G40: ...............….. | H40: Poltrona De Auditório Com Prancheta. (SISPAT: 970003 - FCG: 970)
B41: OREI DEP. | C41: 3 | D41: TRUE | E41: 938022 | F41: CONDENADO | G41: ...............….. | H41: Poltrona De Auditório Com Prancheta. (SISPAT: 970005 - FCG: 970)
B42: SALA AULA | C42: 3 | D42: TRUE | E42: 938023 | F42: CONDENADO | G42: ...............….. | H42: Poltrona De Auditório Com Prancheta. (SISPAT: 970006 - FCG: 970)
B43: HALL | C43: 4 | D43: TRUE | E43: 938024 | F43: CONDENADO | G43: ...............….. | H43: Poltrona De Auditório Com Prancheta. (SISPAT: 970007 - FCG: 970)
B44: OREI DEP. | C44: 3 | D44: TRUE | E44: 938025 | F44: CONDENADO | G44: ...............….. | H44: Poltrona De Auditório Com Prancheta. (SISPAT: 970008 - FCG: 970)
B45: HALL | C45: 3 | D45: TRUE | E45: 938026 | F45: CONDENADO | G45: ...............….. | H45: Poltrona De Auditório Com Prancheta. (SISPAT: 970009 - FCG: 970)
B46: PATRIM. | C46: 3 | D46: TRUE | E46: 938027 | F46: CONDENADO | G46: ...............….. | H46: Poltrona De Auditório Com Prancheta. (SISPAT: 970010 - FCG: 970)
B47: PATRIM. | C47: 4 | D47: TRUE | E47: 938028 | F47: CONDENADO | G47: ...............….. | H47: Poltrona De Auditório Com Prancheta. (SISPAT: 970011 - FCG: 970)
B48: PATRIM. | C48: 4 | D48: TRUE | E48: 938029 | F48: CONDENADO | G48: ...............….. | H48: Poltrona De Auditório Com Prancheta. (SISPAT: 970012 - FCG: 970)
B49: GARAGEM | C49: 4 | D49: TRUE | E49: 938030 | F49: CONDENADO | G49: ...............….. | H49: Poltrona De Auditório Com Prancheta. (SISPAT: 970013 - FCG: 970)
... B77: RESERVA | C77: 7 | D77: TRUE | E77: 938164 | F77: PERFEITO | G77: ...............….. | H77: Gps Global 3,5 . Marca Bak Gps4350. (SISPAT: 36640002 - FCG: 3664)
B78: DOC | C78: --- | D78: TRUE | E78: 938165 | F78: DESCARREGADO | G78: SUBP. 8704 | H78: Gps Global 3,5 . Marca Bak Gps4350. (SISPAT: 36640003 - FCG: 3664)
B79: GARAGEM | C79: 7 | D79: TRUE | E79: 938243 | F79: AVARIADO | G79: ...............….. | H79: Serra Circular Para Marcenaria Com Motor 03 Cv, 02 Pàlos, 220v/380v, Com Mesa Medindo 0,73 X 0,73, Marca Baldan. (SISPAT: 19447 - FCG: 5070)
B80: OREI DEP. | C80: 7 | D80: TRUE | E80: 938365 | F80: CONDENADO | G80: ...............….. | H80: Poltrona De Auditório Com Prancheta. (SISPAT: 970036 - FCG: 970)
B81: OREI DEP. | C81: 7 | D81: TRUE | E81: 938366 | F81: CONDENADO | G81: ...............….. | H81: Poltrona De Auditório Com Prancheta. (SISPAT: 970037 - FCG: 970)
B82: OREI DEP. | C82: 7 | D82: TRUE | E82: 938367 | F82: CONDENADO | G82: ...............….. | H82: Poltrona De Auditório Com Prancheta. (SISPAT: 970038 - FCG: 970)
B83: OREI DEP. | C83: 8 | D83: TRUE | E83: 938418 | F83: DESCARREGADO | G83: SUBP. 10469 | H83: Bomba Costal Com Tanque De Poliestileno. (SISPAT: 28623 - FCG: 13007)
B84: OREI DEP. | C84: 7 | D84: TRUE | E84: 938419 | F84: DESCARREGADO | G84: SUBP. 10469 | H84: Bomba Costal Com Tanque De Poliestileno. (SISPAT: 28622 - FCG: 13007)
B85: DOC | C85: --- | D85: TRUE | E85: 938420 | F85: DESCARREGADO | G85: SUBP. 4358 | H85: Bomba Costal Com Tanque De Poliestileno. (SISPAT: 28623 - FCG: 13007)
B86: OREI DEP. | C86: 8 | D86: TRUE | E86: 938421 | F86: DESCARREGADO | G86: SUBP. 10469 | H86: Bomba Costal Com Tanque De Poliestileno. (SISPAT: 28624 - FCG: 13007)
B87: OREI DEP. | C87: 7 | D87: TRUE | E87: 938424 | F87: OREI | G87: ...............….. | H87: Talha Com Capacidade Para 1000kg. (SISPAT: 26520 - FCG: 15404)
B88: OREI DEP. | C88: 8 | D88: TRUE | E88: 938462 | F88: OREI | G88: ...............….. | H88: Cilindro De Aço Com Capacidade Para 4m3 De Nitrogênio. (SISPAT: 26509 - FCG: 15326)
B89: OREI DEP. | C89: 8 | D89: TRUE | E89: 938463 | F89: OREI | G89: ...............….. | H89: Cilindro De Aço Com Capacidade Para 4m3 De Nitrogênio. (SISPAT: 26510 - FCG: 15326)
B90: OREI DEP. | C90: 9 | D90: TRUE | E90: 938464 | F90: OREI | G90: ...............….. | H90: Cilindro De Aço Com Capacidade Para 4m3 De Nitrogênio. (SISPAT: 26511 - FCG: 15326)
B91: OREI DEP. | C91: 8 | D91: TRUE | E91: 938465 | F91: OREI | G91: ...............….. | H91: Cilindro De Aço Com Capacidade Para 4m3 De Nitrogênio. (SISPAT: 26512 - FCG: 15326)
B92: OREI DEP. | C92: 9 | D92: TRUE | E92: 938466 | F92: OREI | G92: ...............….. | H92: Cilindro De Aço Com Capacidade Para 5 Litros De N2. (SISPAT: 26881 - FCG: 15755)
B93: DOC | C93: 9 | D93: TRUE | E93: 938467 | F93: PROCES. DESCARG. | G93: SUB 13715 | H93: Cilindro De Aço, Apilcado A Equipamento De Respiração Autônoma Com Capacidade Para 7 Litros De Ar Respirável. (SISPAT: 26907 - FCG: 15847)
B94: DOC | C94: --- | D94: TRUE | E94: 938468 | F94: DESCARREGADO | G94: PARTE 1241 | H94: Cilindro De Aço, Apilcado A Equipamento De Respiração Autônoma Com Capacidade Para 7 Litros De Ar Respirável. (SISPAT: 26908 - FCG: 15847)
B95: DOC | C95: --- | D95: TRUE | E95: 938469 | F95: DESCARREGADO | G95: PARTE 1241 | H95: Cilindro De Aço, Apilcado A Equipamento De Respiração Autônoma Com Capacidade Para 7 Litros De Ar Respirável. (SISPAT: 26909 - FCG: 15847)
B96: OREI DEP. | D96: TRUE | E96: 938558 | F96: DESCARREGADO | G96: SUBP. 10468 | H96: Multifuncional/Jato Hp J3680 Cb071m 696. (SISPAT: 35460001 - FCG: 3546)
B97: OREI DEP. | D97: TRUE | E97: 938559 | F97: DESCARREGADO | G97: SUBP. 10468 | H97: Multifuncional/Jato Hp J3680 Cb071m 696. (SISPAT: 35460002 - FCG: 3546)
B98: MANUTENÇÃO | C98: 9 | D98: TRUE | E98: 938598 | F98: PERFEITO | G98: ...............….. | H98: Esmerilhadeira Portátil, Potência 2350w, Rotação De 8500rpm, 220v E Marca Bt-Ag. (SISPAT: 49515 - FCG: 49515)
B99: PATRIM. | C99: 9 | D99: TRUE | E99: 938602 | F99: PERFEITO | G99: ...............….. | H99: Morsa Nº 06 Marca Forjasul. (SISPAT: 6964 - FCG: 3795)
B100: MANUTENÇÃO | C100: 9 | D100: TRUE | E100: 938604 | F100: PERFEITO | G100: ...............….. | H100: Pistola Para Pintura, Baixa Pressão, Marca Arprex, Modelo 04. (SISPAT: 19734 - FCG: 5148)
B101: OREI DEP. | C101: 9 | D101: TRUE | E101: 938605 | F101: DESCARREGADO | G101: SUBP. 10469 | H101: Regulador De Pressço De Nitrogònio, Com Manometro De Alta De 0 A 300kg/Cm2 E De 0 A 30kg/Cm2. (SISPAT: 19735 - FCG: 5149)
B102: DOC | C102: 10 | D102: TRUE | E102: 938660 | F102: EM TRANSF. | G102: ...............….. | H102: Roçadeira Para Trator, Mod. At8180 Glp-Erc/Roda. Marca Agritech Lavrale, Com Embreagem De Desgaste Recambiável, Méd. Corte 1,80m, Larg. 2,02m, Alt 1,20m, Comp. 2,25m, Peso 405kg. (SISPAT: 494990001 - FCG: 49499)
B103: ARMAZ. | C103: 9 | D103: TRUE | E103: 938662 | F103: CONDENADO | G103: ...............….. | H103: Motossera Completa, Marca Sthil, Modelo 08-S. (SISPAT: 17003 - FCG: 1134)
B104: F 12 | C104: 10 | D104: TRUE | E104: 938663 | F104: PROCES. DESCARG. | G104: SUB 13715 | H104: Motoserra, Potencia 3,6 Kw, Sthil, Mod. 0,38m. (SISPAT: 3353 - FCG: 2406)
B105: DOC | C105: --- | D105: TRUE | E105: 938664 | F105: DESCARREGADO | G105: PARTE 1241 | H105: Motoserra A Gasolina, Motor 2 Tempos, 58 Cc E Marca Nagano. (SISPAT: 495120001 - FCG: 49512)
B106: DOC | C106: --- | D106: TRUE | E106: 938665 | F106: DESCARREGADO | G106: PARTE 1241 | H106: Motoserra A Gasolina, Motor 2 Tempos, 58 Cc E Marca Nagano. (SISPAT: 495120002 - FCG: 49512)
B107: DOC | C107: --- | D107: TRUE | E107: 938666 | F107: DESCARREGADO | G107: PARTE 1241 | H107: Motoserra A Gasolina, Motor 2 Tempos, 58 Cc E Marca Nagano. (SISPAT: 495120003 - FCG: 49512)
B108: RESERVA | C108: 10 | D108: TRUE | E108: 938741 | F108: PROCES. DESCARG. | G108: SUB 13715 | H108: Armário Sob Medida (1600mm Altura X 500mm Prof X 900mm Larg) Para Vestiário, Com 02 Portas Com Fechaduras Individual Do Tipo Cilíndrica, Um Porta Cabides Sup, Mdf15mm, Na Cor Marfim, Med. 900 X 500 X 1600mm Com Fundo Em Melamína Cor Marfim, Com Uma Abertura Para Ventilado Correspondente A Cada Porta E Uma Prateleira Interna Inferior. (SISPAT: 28518 - FCG: 1345)
B109: ARMAZ. | C109: 10 | D109: TRUE | E109: 938948 | F109: CONDENADO | G109: ...............….. | H109: Forno De Bancada Forjado Nº 8. (SISPAT: 15016 - FCG: 317)
B110: PATRIM. | D110: TRUE | E110: 939219 | F110: PERFEITO | G110: ...............….. | H110: Câmera Digital Fuji Modelo Hs20. (SISPAT: 494880004 - FCG: 49488)
B111: OREI DEP. | D111: FALSE | E111: 939266 | F111: PROCES. DESCARG. | G111: SUB 13715 | H111: Bancada De Testes Gerais De Componentes. (SISPAT: 21340001 - FCG: 2134)
B112: OREI DEP. | D112: FALSE | E112: 939267 | F112: PROCES. DESCARG. | G112: SUB 13715 | H112: Protetor De Operador Para Co2. (SISPAT: 21350001 - FCG: 2135)
B113: OREI DEP. | D113: FALSE | E113: 939268 | F113: PROCES. DESCARG. | G113: SUB 13715 | H113: Protetor De Operador Para Co2. (SISPAT: 21350002 - FCG: 2135)
B114: OREI DEP. | D114: FALSE | E114: 939378 | F114: REGISTRO | G114: GMM HACO 674 | H114: Cadeira Fixa, Sem Braço, Em Tecido Espuma, Modelo 770t. (SISPAT: 18753 - FCG: 2681)
B115: ARMAZ. | D115: FALSE | E115: 939480 | F115: CONDENADO | G115: ...............….. | H115: Equipamento De Respiração Autônomo, Modelo Mi Completo. (SISPAT: 15945 - FCG: 773)
B116: ARMAZ. | D116: FALSE | E116: 939481 | F116: CONDENADO | G116: ...............….. | H116: Equipamento De Respiração Autônomo, Modelo Mi Completo. (SISPAT: 15946 - FCG: 773)
B117: OREI DEP. | D117: FALSE | E117: 939614 | F117: OREI | G117: ...............….. | H117: Bomba De Transferência De Co2. (SISPAT: 21170001 - FCG: 2117)
B118: OREI DEP. | D118: FALSE | E118: 939615 | F118: PROCES. DESCARG. | G118: SUB 13715 | H118: Processador De Pó Químico. (SISPAT: 21430001 - FCG: 2143)
B119: OREI DEP. | D119: FALSE | E119: 939618 | F119: OREI | G119: ...............….. | H119: Chave Para Sacar Válvula De Cilindro. (SISPAT: 20950001 - FCG: 2095)
B120: OREI DEP. | D120: FALSE | E120: 939619 | F120: PROCES. DESCARG. | G120: SUB 13715 | H120: Morsa De Coluna Pneumática Regulável. (SISPAT: 21030001 - FCG: 2103)
B121: MANUTENÇÃO | D121: FALSE | E121: 939659 | F121: PERFEITO | G121: ...............….. | H121: Moto Esmeril Schutz 1/2 Hp. (SISPAT: 5149 - FCG: 3577)
B122: MANUTENÇÃO | D122: FALSE | E122: 939972 | F122: AVARIADO | G122: ...............….. | H122: Furadeira De Impacto, Industrial 1198.7 - 5/8 Pol. 2 Velocidades Eletronica E Reversivel, Marca Bosch. (SISPAT: 6986 - FCG: 3849)
B123: RESERVA | C123: 13 | D123: TRUE | E123: 940192 | F123: PERFEITO | G123: ...............….. | H123: Manequim Adulto De Resgate Articulado. (SISPAT: 33580001 - FCG: 3358)
B124: DOC | C124: --- | D124: TRUE | E124: 940193 | F124: DESCARREGADO | G124: SUBP. 8704 | H124: Manequim Adulto Com Painel Eletrônico. (SISPAT: 33590001 - FCG: 3359)
B125: GARAGEM | C125: 14 | D125: TRUE | E125: 940306 | F125: AVARIADO | G125: ...............….. | H125: Carro Plataforma Com 04 Rodas E Pneus Com Camara. (SISPAT: 19444 - FCG: 5078)
B126: RESERVA | D126: TRUE | E126: 940329 | F126: PERFEITO | G126: ...............….. | H126: Estabilizador De Energia 110v S-110v E - 1kva, Sms. (SISPAT: 29400 - FCG: 14576)
B127: DOC | C127: 14 | D127: TRUE | E127: 940330 | F127: CONDENADO | H127: Estabilizador De Energia 110v S-110v E - 1kva, Sms. (SISPAT: 29401 - FCG: 14576)
...

Sheet CONTROLE BMP
B2: TOTAL BMP | C2: =SUM(C3:C5)-SUM(C11:C12) -> 1032 | D2: HISTÓRICO BMP | E2: =SUM(C3:C5) -> 2432
B3: PERMANENTE | C3: =COUNTIF('PERMANENTE '!F2:F562,"*") -> 561 | E3: =C3/$E$2 -> 0.23067434
B4: CONS. DURAD. | C4: =COUNTIF('CONSUMO E DURADOURO'!D2:D100,"*") -> 99 | E4: =C4/$E$2 -> 0.040707237
B5: EXTINTORES | C5: =COUNTIF(EXTINTORES!D2:D1773,"*") -> 1772 | E5: =C5/$E$2 -> 0.72861842
B6: AVARIADO | C6: =COUNTIF('PERMANENTE '!F:F,"AVARIADO")+COUNTIF(EXTINTORES!D:D,"AVARIADO") -> 7 | D6: AVARIADO | E6: =C6/$E$2 -> 0.0028782895
B7: CONDENADO | C7: =COUNTIF('PERMANENTE '!F:F,"CONDENADO")+COUNTIF(EXTINTORES!D:D,"CONDENADO") -> 67 | D7: CONDENADO | E7: =C7/$E$2 -> 0.027549342
B8: PROCES. DESCARG. | C8: =COUNTIF('PERMANENTE '!F:F,"PROCES. DESCARG.")+COUNTIF(EXTINTORES!D:D,"PROCES. DESCARG.") -> 29 | D8: PROCES. DESCARG. | E8: =C8/$E$2 -> 0.011924342
B9: EM TRANSF. | C9: =COUNTIF('PERMANENTE '!F:F,"EM TRANSF.")+COUNTIF(EXTINTORES!D:D,"EM TRANSF.") -> 1 | D9: EM TRANSF. | E9: =C9/$E$2 -> 0.00041118421
B10: Ñ ENCONTRADO | C10: =COUNTIF('PERMANENTE '!F:F,"Ñ ENCONTRADO")+COUNTIF(EXTINTORES!D:D,"Ñ ENCONTRADO") -> 1 | D10: Ñ ENCONTRADO | E10: =C10/$E$2 -> 0.00041118421
B11: DESCARREGADO | C11: =COUNTIF('PERMANENTE '!F:F,"DESCARREGADO")+COUNTIF(EXTINTORES!D:D,"DESCARREGADO") -> 1396 | D11: SAÍDA | E11: =SUM(C11:C12)/$E$2 -> 0.57565789
B12: TRANSFERIDO | C12: =COUNTIF('PERMANENTE '!F:F,"TRANSFERIDO")+COUNTIF(EXTINTORES!D:D,"TRANSFERIDO") -> 4
B13: PERFEITO | C13: =COUNTIF('PERMANENTE '!F:F,"PERFEITO")+COUNTIF(EXTINTORES!D:D,"PERFEITO") -> 729 | D13: PERFEITO | E13: =SUM(C13:C20)/$E$2 -> 0.38157895
B14: AGUARDAN. CARGA | C14: =COUNTIF('PERMANENTE '!F:F,"AGUARDAN. CARGA")+COUNTIF(EXTINTORES!D:D,"AGUARDAN. CARGA") -> 0
B15: REGISTRO | C15: =COUNTIF('PERMANENTE '!F:F,"REGISTRO")+COUNTIF(EXTINTORES!D:D,"REGISTRO") -> 28
B16: OREI | C16: =COUNTIF('PERMANENTE '!F:F,"OREI")+COUNTIF(EXTINTORES!D:D,"OREI") -> 58
B17: TROCA NOMEN. | C17: =COUNTIF('PERMANENTE '!F:F,"TROCA NOMEN.")+COUNTIF(EXTINTORES!D:D,"TROCA NOMEN.") -> 8
B18: EMPRESTADO | C18: =COUNTIF('PERMANENTE '!F:F,"EMPRESTADO")+COUNTIF(EXTINTORES!D:D,"EMPRESTADO") -> 0
B19: ITEM DESCARACTZ | C19: =COUNTIF('PERMANENTE '!F:F,"ITEM DESCARACTZ")+COUNTIF(EXTINTORES!D:D,"ITEM DESCARACTZ") -> 6
B20: CONS. DURAD. | C20: =COUNTIF('CONSUMO E DURADOURO'!D:D,"CONS. DURAD.")+COUNTIF(EXTINTORES!D:D,"CONS. DURAD.") -> 99
